{"_timestamp":1.725375413402678e+09,"_runtime":0.75636,"_wandb":{"runtime":1},"_step":7,"acc":0.7871043942727903,"loss":0.17760407470317036}