{"acc":0.8492849879026061,"loss":0.1822868197004944,"_timestamp":1.725374407641839e+09,"_wandb":{"runtime":1},"_runtime":0.6262185,"_step":7}