{"_step":7,"_wandb":{"runtime":1},"acc":0.7360512732244107,"loss":0.21561339380538536,"_timestamp":1.7254420338009212e+09,"_runtime":0.5801049}