{"loss":0.20288384597982762,"_timestamp":1.7254420166038496e+09,"_runtime":0.6341337,"_step":7,"_wandb":{"runtime":1},"acc":0.8111374321184953}