{"_runtime":0.5572242,"_step":7,"_wandb":{"runtime":1},"acc":0.8363062505315814,"loss":0.15315599437112676,"_timestamp":1.7254420124393413e+09}