{"_step":7,"_wandb":{"runtime":1},"acc":0.9103075949786987,"loss":0.08988159724289443,"_timestamp":1.7253754206453724e+09,"_runtime":0.7240784}