{"_runtime":0.5685368,"_step":7,"_wandb":{"runtime":1},"acc":0.8709114003076963,"loss":0.17875238556020723,"_timestamp":1.725442008285944e+09}