{"_step":7,"_wandb":{"runtime":1},"acc":0.8901857974975141,"loss":0.14394776268996418,"_timestamp":1.7253754169146583e+09,"_runtime":0.6032706}