{"acc":0.7789826873238487,"loss":0.2853150535435085,"_timestamp":1.7253743937719254e+09,"_runtime":0.5566456,"_step":7,"_wandb":{"runtime":1}}