{"_runtime":0.5923074,"_step":7,"_wandb":{"runtime":1},"acc":0.8094990578010479,"loss":0.21543387438992173,"_timestamp":1.7254420448835578e+09}