{"_wandb":{"runtime":1},"Accuracy":0.184,"_timestamp":1.7253745313795686e+09,"_runtime":0.6307057,"_step":6}