{"_step":7,"_wandb":{"runtime":1},"acc":0.9159054635828923,"loss":0.11174125210575521,"_timestamp":1.7254420413335116e+09,"_runtime":1.1413199}