{"_wandb":{"runtime":45},"acc":0.8184585919776498,"loss":0.15041902042106708,"_timestamp":1.7254441911834145e+09,"_runtime":35.0197186,"_step":7}