{"_step":7,"_wandb":{"runtime":4},"acc":0.760853749228094,"loss":0.22055562613055835,"_timestamp":1.7253744011228356e+09,"_runtime":0.6331198}