{"acc":0.9628283794792267,"loss":0.09788814228589884,"_timestamp":1.7254420048175313e+09,"_runtime":0.7171455,"_wandb":{"runtime":1},"_step":7}