{"_step":7,"_wandb":{"runtime":1},"acc":0.765133661471773,"loss":0.2439171733315059,"_timestamp":1.7253754096882384e+09,"_runtime":0.6885214}