{"acc":0.927857680771219,"loss":0.10327719867554856,"_timestamp":1.725442037254701e+09,"_runtime":0.5421167,"_wandb":{"runtime":1},"_step":7}