{"acc":0.8888600912228299,"loss":0.09748086014261237,"_timestamp":1.725374390072192e+09,"_wandb":{"runtime":1},"_runtime":0.9011402,"_step":7}