{"loss":0.03591794422010457,"_timestamp":1.7253753738387396e+09,"_wandb":{"runtime":34},"_runtime":1.7015408,"_step":7,"acc":0.9578748010723234}