{"acc":0.9068058697057643,"loss":0.15779711017379666,"_timestamp":1.7254420009105163e+09,"_wandb":{"runtime":1},"_runtime":1.1221531,"_step":7}