{"acc":0.8407123408036968,"loss":0.1396377323128068,"_timestamp":1.7254420484200873e+09,"_runtime":0.6640292,"_step":7,"_wandb":{"runtime":1}}