{"acc":0.8235128254043389,"_wandb":{"runtime":1},"loss":0.14584800126001918,"_timestamp":1.7253743975367563e+09,"_runtime":0.6623963,"_step":7}